row_id,poverty_rate
1,17.38
3,18.27
6,13.13
7,29.14
14,12.11
16,13.94
18,25.36
19,12.22
20,14.87
24,9.75
26,8.85
28,15.21
30,10.49
31,21.96
32,21.85
33,8.69
34,13.80
38,12.05
40,15.43
41,20.16
48,15.65
50,21.55
53,11.46
54,14.90
57,10.06
59,24.74
60,13.58
62,17.68
63,12.55
65,11.07
67,32.01
70,17.80
75,14.21
77,15.65
80,19.84
81,20.11
83,16.60
84,20.14
85,9.32
88,22.99
94,19.46
95,27.89
96,20.30
98,10.60
102,19.74
103,14.31
104,9.16
108,13.97
109,13.49
110,27.77
113,20.29
116,18.28
119,19.87
120,12.60
122,7.31
123,14.72
125,14.76
126,11.84
128,16.76
130,11.58
133,12.91
134,7.47
135,22.09
136,26.71
140,21.30
141,13.06
142,17.79
143,12.42
151,13.07
153,20.48
154,24.85
158,16.66
165,13.38
168,21.84
170,27.58
175,10.11
178,16.16
179,17.65
181,18.88
183,6.02
184,17.06
185,7.29
190,14.30
192,13.24
193,25.97
194,10.86
195,13.83
196,16.36
197,17.18
199,17.91
203,19.43
204,12.71
209,10.69
213,15.99
214,15.48
217,22.74
220,12.90
221,14.53
222,15.44
223,13.95
227,19.40
228,22.72
230,7.24
234,7.25
239,10.20
242,11.74
246,19.53
248,10.95
249,14.45
253,15.55
255,14.34
257,12.66
259,11.87
262,21.31
264,20.05
265,12.68
266,17.55
267,16.46
268,13.83
273,12.11
274,13.42
275,26.90
276,20.74
285,13.18
289,13.81
290,18.20
292,9.99
297,6.65
300,10.02
302,14.74
304,18.98
306,21.41
307,21.70
309,8.30
312,17.56
313,9.56
316,12.95
317,16.85
318,14.61
319,6.52
320,14.17
323,23.32
326,13.72
332,16.90
336,19.98
339,12.98
340,25.17
342,15.24
343,18.07
346,12.46
349,26.45
350,26.07
355,19.19
357,13.07
358,15.22
359,8.44
361,23.33
365,17.75
367,8.99
368,8.38
370,25.46
371,14.37
375,13.16
376,20.85
378,17.02
380,25.93
383,23.64
384,12.58
386,10.47
387,12.56
389,7.12
393,14.85
394,14.12
399,15.29
403,18.94
407,21.71
408,8.85
409,7.73
413,15.44
414,14.36
416,27.88
417,25.75
418,24.55
422,17.77
423,12.75
424,11.34
426,12.27
427,13.51
428,10.34
430,18.44
431,9.72
433,17.64
434,24.90
436,12.59
437,16.08
439,11.54
441,26.69
442,24.00
444,21.71
448,18.12
449,26.12
451,12.65
452,18.39
455,17.54
456,16.02
457,8.28
458,7.71
460,14.35
464,13.91
465,9.78
469,11.24
470,19.82
471,25.96
472,26.49
475,11.03
476,21.85
480,9.74
481,9.27
482,17.39
485,10.62
490,15.47
492,21.14
495,20.60
496,8.54
497,15.95
500,13.58
501,21.37
503,15.34
504,12.92
506,27.35
507,17.23
508,9.82
510,10.59
512,10.99
513,16.96
514,21.30
515,12.21
519,26.75
522,13.26
523,15.12
524,8.64
527,12.44
528,14.37
529,15.53
530,14.33
532,12.19
534,13.35
537,15.79
541,8.67
542,22.74
543,12.08
544,10.61
545,9.88
547,15.13
549,9.41
550,9.54
551,25.56
552,18.88
555,24.34
556,15.67
558,23.13
560,16.36
561,31.08
562,32.75
564,8.88
566,17.94
567,14.01
571,12.35
574,24.96
575,17.05
577,10.39
578,21.08
581,17.50
582,14.56
583,15.80
585,15.29
586,12.32
588,23.76
589,21.16
590,19.60
591,5.50
600,13.28
603,14.89
605,16.69
606,16.38
609,13.81
610,11.72
611,13.51
613,15.41
614,14.85
615,25.66
616,16.88
617,10.91
619,14.11
620,21.53
622,13.23
623,13.16
624,18.81
625,18.59
626,20.77
627,9.44
628,11.42
630,12.84
632,17.60
633,9.39
636,12.01
638,22.62
641,6.06
645,5.64
648,9.12
649,17.78
650,16.30
651,11.04
653,14.95
654,6.47
655,10.27
658,7.43
659,7.86
660,12.07
664,8.19
665,21.18
666,14.81
668,12.33
670,11.82
671,7.39
672,10.04
673,16.15
674,26.22
675,24.87
678,11.06
679,14.51
680,11.90
684,38.57
685,23.70
687,11.78
689,23.01
690,13.77
691,29.23
692,13.23
693,11.50
697,14.17
699,9.44
700,11.52
702,11.75
704,24.85
705,18.21
706,11.66
711,13.27
717,16.97
718,18.66
722,11.05
724,20.26
725,9.56
728,14.22
729,13.21
730,11.65
732,12.08
733,17.43
734,11.15
736,16.91
738,19.02
739,9.74
743,22.52
744,17.99
746,17.74
747,21.23
748,27.40
749,14.38
751,15.08
752,13.10
753,13.43
754,25.14
756,12.09
763,16.83
764,8.83
765,11.28
766,8.97
768,11.92
769,14.30
771,16.74
775,19.42
776,15.45
777,18.07
778,27.29
779,22.41
780,17.16
783,15.85
786,11.91
789,10.85
794,14.60
796,15.16
797,8.39
798,14.25
799,17.07
800,12.80
805,8.66
808,10.67
809,12.76
812,23.99
815,17.28
818,15.12
819,14.15
820,7.60
821,8.23
823,22.48
824,13.65
828,11.07
829,19.56
830,18.85
831,12.87
832,18.11
834,13.44
835,16.11
839,8.43
840,15.84
842,18.20
843,7.81
844,9.78
845,11.69
846,10.07
848,19.16
850,17.13
851,13.54
853,23.27
854,17.89
859,17.23
863,19.80
864,19.71
867,13.08
869,10.14
872,6.39
873,16.21
875,9.54
876,11.96
878,20.90
879,14.82
881,13.64
885,14.04
887,12.25
888,24.41
890,16.72
891,18.07
893,12.59
896,15.36
897,10.31
898,12.30
900,13.05
905,19.73
914,23.67
916,10.15
921,15.03
924,16.49
928,10.59
930,15.62
931,18.68
932,17.83
934,18.59
936,18.72
937,15.25
939,15.27
941,17.94
943,14.57
948,4.37
949,24.13
953,15.73
954,25.19
956,11.34
957,10.31
961,14.21
966,15.94
967,18.50
970,23.96
972,23.01
973,28.16
976,16.64
977,9.46
978,10.42
979,11.08
980,16.13
981,18.52
982,9.74
983,23.80
986,19.18
988,23.50
989,11.68
992,16.98
993,13.77
994,16.49
999,12.18
1000,10.00
1003,14.87
1005,9.20
1007,18.13
1008,17.46
1011,15.44
1013,17.80
1020,18.66
1025,8.16
1026,9.94
1028,9.70
1031,9.91
1032,15.67
1036,19.62
1037,15.72
1042,14.44
1043,22.56
1044,8.75
1045,25.32
1047,9.81
1048,20.60
1052,19.42
1053,20.71
1054,24.23
1055,8.64
1056,10.29
1057,23.21
1058,12.80
1059,11.44
1060,9.40
1064,20.49
1065,23.04
1067,8.05
1068,16.20
1070,9.82
1071,18.02
1072,42.19
1073,28.24
1075,15.84
1076,12.60
1078,15.64
1079,17.67
1085,15.29
1088,10.72
1089,12.61
1090,17.89
1092,11.22
1093,11.15
1094,12.02
1095,27.29
1098,23.88
1100,11.12
1101,11.64
1102,21.27
1106,14.18
1107,9.34
1110,21.87
1114,23.05
1118,22.75
1121,8.96
1123,11.42
1124,12.93
1125,14.95
1129,19.94
1132,26.76
1134,19.03
1135,12.64
1136,13.75
1137,13.65
1138,19.74
1139,18.76
1140,18.25
1143,22.69
1144,16.20
1146,7.22
1147,23.62
1148,20.20
1152,15.49
1153,21.47
1159,13.89
1164,17.93
1165,8.85
1166,22.91
1168,17.38
1170,17.25
1171,12.40
1172,14.41
1177,11.85
1178,10.36
1179,19.21
1183,16.78
1193,16.12
1194,7.86
1195,15.57
1196,10.58
1199,19.25
1205,13.25
1207,12.39
1208,21.86
1210,9.55
1214,18.65
1217,16.12
1218,10.31
1220,10.09
1221,9.50
1222,16.27
1224,14.51
1227,17.87
1229,13.81
1230,26.79
1232,15.62
1235,20.49
1236,11.17
1237,16.72
1240,18.53
1241,21.49
1244,16.83
1246,13.18
1252,12.67
1257,10.51
1258,9.72
1260,11.85
1264,11.35
1265,24.25
1267,14.00
1269,15.89
1270,20.04
1272,22.00
1273,9.22
1274,14.06
1275,11.06
1276,15.02
1279,8.52
1280,8.79
1281,16.08
1286,12.04
1287,8.52
1289,17.88
1290,24.63
1291,21.22
1292,15.53
1293,16.62
1295,24.37
1296,26.54
1297,21.20
1300,23.57
1301,11.97
1302,18.74
1305,12.40
1306,10.68
1310,23.28
1313,6.56
1315,16.60
1316,18.39
1317,17.95
1318,6.83
1321,13.99
1324,19.39
1326,18.06
1327,20.96
1330,21.99
1332,18.82
1337,19.76
1339,16.04
1341,23.47
1342,11.32
1347,18.22
1348,9.90
1350,15.87
1351,20.52
1352,21.36
1354,15.43
1355,14.45
1356,14.39
1359,13.54
1361,13.50
1364,14.32
1365,9.28
1366,15.09
1367,18.20
1368,13.44
1372,19.14
1376,16.07
1377,17.55
1378,16.16
1380,10.34
1381,11.19
1383,16.88
1387,13.91
1388,12.98
1389,23.25
1393,5.34
1395,21.83
1396,14.86
1398,10.16
1400,22.93
1401,13.16
1402,7.83
1403,12.00
1405,17.88
1407,8.18
1409,14.55
1411,18.71
1414,22.10
1415,9.65
1416,23.60
1417,13.72
1423,19.61
1425,12.17
1426,18.98
1428,20.65
1429,14.31
1432,12.47
1433,14.74
1434,19.99
1435,9.91
1436,9.73
1437,20.74
1438,11.99
1439,23.41
1440,7.64
1441,15.33
1446,19.26
1448,12.83
1450,15.44
1452,10.42
1453,13.75
1454,14.52
1455,12.18
1458,21.01
1459,13.58
1461,12.25
1464,18.47
1466,23.67
1471,19.94
1472,10.21
1474,23.43
1476,22.75
1477,12.29
1478,21.91
1479,15.96
1482,21.09
1483,21.32
1489,25.59
1490,19.87
1491,15.51
1495,8.87
1496,15.50
1498,16.04
1501,21.08
1504,16.73
1506,13.62
1511,14.48
1513,18.99
1515,18.56
1519,13.41
1522,18.39
1523,15.23
1525,14.61
1526,10.57
1531,17.34
1533,23.95
1535,27.96
1537,10.11
1546,27.23
1548,23.19
1551,23.17
1552,18.47
1554,21.17
1555,13.82
1557,12.37
1558,15.53
1559,20.39
1562,13.53
1563,8.72
1568,17.57
1570,19.65
1571,7.70
1573,28.62
1574,15.05
1575,20.02
1578,11.80
1580,24.76
1584,20.95
1586,8.12
1590,11.41
1591,6.73
1595,10.89
1596,12.52
1597,17.18
1598,26.34
1601,30.75
1603,13.76
1605,12.46
1608,13.44
1609,-0.68
1611,17.47
1613,6.87
1615,16.25
1617,11.66
1618,26.59
1619,14.03
1620,17.45
1623,10.77
1624,14.08
1625,14.24
1626,19.44
1627,15.97
1628,17.82
1630,23.12
1632,25.06
1633,11.07
1634,19.75
1635,12.75
1639,12.89
1641,9.67
1644,14.43
1645,15.49
1646,9.13
1648,17.23
1649,14.64
1650,14.08
1652,10.33
1654,26.60
1655,10.05
1658,14.69
1660,18.39
1663,11.02
1669,18.99
1670,9.56
1671,18.26
1672,22.90
1673,16.19
1680,28.97
1682,12.81
1683,13.50
1684,10.45
1685,15.00
1686,33.84
1687,12.91
1689,28.60
1690,20.50
1691,16.86
1692,13.93
1693,17.91
1698,6.10
1700,13.01
1702,18.13
1704,23.37
1708,18.53
1709,24.04
1711,6.99
1713,15.59
1715,9.31
1716,16.37
1718,19.04
1721,16.87
1722,9.95
1726,5.75
1727,19.79
1734,11.28
1735,10.60
1739,14.63
1740,18.10
1741,21.03
1742,7.58
1743,8.71
1745,22.13
1748,23.44
1750,6.25
1751,11.29
1753,7.95
1754,16.15
1755,7.71
1756,11.83
1757,12.27
1758,6.97
1759,20.20
1764,17.09
1765,16.34
1769,17.82
1772,19.65
1773,11.10
1775,14.59
1776,14.32
1777,27.51
1780,11.16
1783,25.09
1784,13.57
1787,18.34
1790,24.02
1794,18.55
1795,8.01
1796,14.10
1797,19.71
1798,19.38
1799,11.71
1805,21.56
1806,22.50
1808,14.46
1810,18.67
1813,28.07
1814,19.20
1815,24.79
1824,10.46
1825,18.27
1828,10.52
1830,15.88
1831,8.09
1832,26.56
1834,13.55
1837,14.11
1840,14.12
1844,14.95
1845,23.15
1846,8.72
1848,15.65
1849,15.40
1851,17.08
1855,10.89
1856,14.09
1859,8.44
1860,22.67
1863,18.75
1865,13.53
1871,13.42
1879,13.01
1880,14.73
1886,20.40
1888,19.88
1891,14.92
1892,11.11
1893,15.67
1894,17.97
1896,16.01
1902,22.76
1904,18.76
1906,13.43
1910,9.27
1914,13.22
1915,13.64
1917,19.01
1918,17.76
1919,19.62
1922,12.82
1923,9.07
1924,28.50
1925,17.06
1926,34.60
1927,9.69
1928,18.79
1929,21.53
1930,17.72
1933,14.65
1934,16.57
1935,9.24
1936,5.86
1939,23.38
1940,15.22
1944,6.77
1945,16.53
1946,17.29
1950,17.41
1952,16.90
1953,16.50
1955,9.63
1956,16.10
1957,22.06
1958,12.76
1963,18.94
1968,15.55
1970,11.58
1972,13.72
1977,12.24
1978,21.56
1982,12.71
1983,9.82
1984,15.10
1992,18.86
1994,11.79
1995,25.22
1996,19.85
1998,16.73
2001,16.14
2002,15.81
2003,21.66
2005,31.06
2011,16.65
2012,15.40
2013,8.44
2015,23.23
2016,21.64
2017,18.35
2019,20.57
2020,9.06
2021,11.15
2022,17.70
2023,19.72
2024,8.89
2026,17.06
2029,10.11
2030,17.77
2031,18.56
2034,15.46
2038,10.53
2041,18.93
2043,19.81
2044,29.68
2045,19.76
2046,16.28
2048,23.00
2049,17.03
2050,24.82
2051,9.11
2052,19.59
2053,14.61
2054,16.65
2056,22.33
2058,8.60
2059,16.86
2061,10.78
2062,19.18
2063,17.89
2064,14.26
2067,7.98
2069,16.89
2070,11.33
2071,13.52
2072,14.97
2073,33.33
2075,9.48
2078,9.82
2081,20.28
2082,12.87
2084,20.48
2085,11.89
2086,26.17
2089,10.64
2092,15.08
2093,10.95
2095,13.25
2097,19.43
2098,15.72
2099,19.38
2100,14.30
2102,12.36
2103,10.61
2104,11.50
2106,13.21
2107,10.53
2109,12.33
2110,21.36
2111,9.42
2112,21.32
2113,23.46
2114,25.72
2115,19.76
2116,22.18
2118,17.92
2120,19.23
2123,14.66
2128,20.30
2129,26.21
2130,28.15
2131,7.66
2134,6.48
2136,14.54
2139,15.09
2140,19.62
2142,19.51
2143,9.30
2148,8.48
2149,17.24
2151,21.37
2152,13.45
2154,10.19
2155,13.89
2156,7.87
2159,19.72
2160,12.84
2163,13.47
2164,7.63
2166,10.28
2170,23.94
2171,12.93
2172,21.46
2173,33.40
2174,14.37
2175,12.65
2177,11.43
2178,16.13
2180,12.31
2181,6.25
2185,13.26
2191,8.94
2192,17.69
2193,19.19
2194,12.86
2197,13.79
2198,18.38
2201,10.99
2202,23.18
2203,20.45
2204,11.64
2205,14.84
2207,20.58
2208,16.62
2209,19.96
2214,17.84
2215,18.37
2217,17.84
2219,11.67
2221,25.64
2222,16.30
2223,16.65
2224,12.38
2225,6.29
2226,15.03
2228,9.46
2229,14.74
2230,11.82
2233,13.49
2237,13.93
2239,31.00
2241,10.39
2244,23.04
2247,18.70
2248,18.94
2250,16.86
2251,17.78
2252,10.04
2253,23.38
2255,10.38
2259,10.35
2260,18.33
2264,10.44
2265,15.84
2267,26.58
2268,11.01
2270,14.42
2272,15.01
2273,7.50
2274,11.86
2275,15.90
2276,18.74
2277,22.99
2279,13.11
2280,16.51
2281,11.87
2282,23.23
2285,14.50
2288,21.93
2291,21.56
2292,13.31
2294,15.01
2295,20.41
2296,8.55
2299,20.43
2301,20.95
2302,20.18
2307,16.02
2308,18.13
2309,9.72
2310,17.29
2311,13.32
2312,11.26
2314,19.01
2316,13.64
2318,29.81
2320,8.36
2325,18.20
2326,15.08
2327,8.87
2332,15.22
2337,17.27
2339,12.31
2342,4.51
2344,14.80
2345,11.64
2349,11.12
2352,18.83
2355,21.14
2356,19.94
2357,19.79
2358,37.41
2359,21.31
2364,13.40
2365,23.19
2366,13.58
2368,11.39
2370,19.00
2371,17.06
2373,9.80
2374,12.10
2375,34.34
2376,8.65
2380,13.51
2381,7.44
2382,13.39
2384,20.54
2385,11.48
2388,25.63
2389,22.78
2390,21.99
2391,14.40
2392,23.48
2393,21.24
2395,25.47
2396,9.95
2397,14.01
2398,12.46
2399,16.86
2400,12.26
2401,14.53
2402,28.98
2403,16.37
2405,13.54
2406,19.43
2409,11.90
2411,12.63
2412,12.38
2413,20.79
2414,8.89
2416,12.02
2419,16.04
2420,14.28
2421,15.18
2423,23.51
2424,23.09
2425,11.30
2426,10.77
2428,11.27
2429,15.45
2432,8.75
2433,25.86
2434,11.87
2435,11.37
2437,20.30
2439,9.26
2440,13.85
2443,12.30
2447,13.63
2450,10.89
2451,17.30
2452,20.52
2454,19.28
2456,12.07
2460,12.39
2461,12.70
2462,13.71
2463,13.41
2464,14.02
2465,17.47
2466,31.04
2467,15.56
2469,12.33
2470,20.47
2477,10.34
2478,24.30
2480,9.23
2484,9.11
2486,11.10
2487,7.51
2488,8.18
2489,22.96
2490,11.79
2491,13.74
2492,26.77
2493,22.52
2495,21.04
2497,13.07
2500,13.25
2501,22.40
2510,12.25
2511,10.98
2513,18.33
2520,16.47
2522,12.85
2523,19.17
2524,15.00
2526,16.51
2528,22.94
2530,13.88
2531,9.32
2536,18.49
2541,8.18
2542,9.85
2544,15.29
2546,13.38
2547,14.34
2549,25.17
2551,11.20
2552,20.77
2553,26.94
2554,13.05
2555,6.77
2556,15.26
2559,12.84
2562,12.93
2565,24.56
2568,14.87
2572,13.38
2574,13.27
2577,13.97
2578,18.77
2580,18.94
2581,12.60
2584,8.23
2585,23.92
2588,7.98
2595,18.35
2597,19.08
2598,24.93
2601,12.96
2607,20.23
2608,10.44
2612,21.59
2613,23.14
2614,11.78
2616,19.09
2619,7.84
2623,11.56
2624,24.16
2628,20.69
2629,14.61
2630,2.32
2634,17.79
2635,9.03
2636,17.83
2637,14.05
2640,19.30
2641,17.71
2645,16.88
2646,15.85
2649,16.34
2653,21.92
2654,18.98
2657,33.43
2659,14.38
2660,7.93
2661,18.74
2663,10.02
2664,27.46
2665,19.65
2667,31.11
2668,16.06
2669,30.94
2670,8.65
2672,27.30
2673,20.08
2676,21.42
2677,21.62
2678,15.34
2680,22.04
2683,24.84
2685,9.04
2686,11.76
2687,15.41
2689,18.68
2690,11.29
2695,9.71
2696,14.06
2697,14.80
2698,12.01
2699,12.23
2700,13.57
2702,14.01
2703,15.59
2705,11.89
2707,17.96
2708,9.03
2710,15.05
2711,16.77
2713,20.35
2715,10.48
2717,12.80
2719,16.12
2720,18.75
2729,14.18
2730,6.16
2732,15.43
2738,23.44
2739,13.12
2740,26.05
2742,14.69
2745,21.00
2749,11.08
2750,18.56
2751,14.67
2753,12.62
2754,14.24
2755,11.81
2757,12.67
2758,13.86
2759,26.25
2760,18.77
2761,12.69
2764,14.02
2767,15.50
2768,13.66
2769,8.26
2771,11.06
2774,19.82
2777,18.39
2778,13.24
2779,22.89
2781,8.90
2782,21.10
2788,10.73
2790,9.94
2794,25.10
2795,13.60
2796,9.93
2797,11.35
2800,28.28
2802,22.44
2803,16.35
2804,15.46
2806,11.30
2808,15.29
2811,21.52
2814,12.22
2818,13.05
2823,17.34
2824,3.96
2825,13.35
2826,10.32
2827,9.67
2830,9.56
2831,14.40
2832,9.71
2834,13.80
2835,17.23
2836,16.75
2837,21.72
2839,17.95
2841,14.85
2842,16.31
2843,16.94
2847,12.07
2849,17.79
2851,12.53
2854,17.11
2857,14.77
2860,8.07
2862,15.47
2863,13.22
2864,18.21
2867,20.50
2869,14.54
2870,15.33
2874,14.88
2877,20.27
2890,20.70
2895,14.27
2899,13.87
2900,12.69
2901,15.97
2903,19.83
2904,6.93
2905,29.01
2908,11.56
2910,28.65
2911,27.05
2914,19.97
2915,14.93
2916,30.57
2918,19.04
2920,16.78
2921,12.15
2922,16.20
2925,10.39
2926,17.33
2930,22.13
2931,29.86
2937,14.24
2938,13.27
2940,13.54
2949,23.02
2950,13.14
2951,27.81
2952,18.54
2953,21.03
2954,25.56
2955,8.29
2958,16.47
2961,17.54
2963,18.19
2965,26.83
2968,13.51
2969,17.85
2970,9.35
2971,10.23
2973,13.92
2976,15.29
2978,16.65
2980,8.70
2982,17.11
2983,14.55
2984,13.08
2985,19.77
2989,14.60
2991,11.39
2994,17.62
2995,17.09
2996,10.15
2997,22.41
3000,17.85
3004,12.30
3005,28.43
3007,23.23
3012,8.45
3014,17.94
3016,13.50
3017,17.37
3018,13.56
3019,26.77
3020,12.64
3021,13.86
3022,23.54
3025,11.33
3026,17.05
3027,19.15
3029,22.89
3030,23.28
3031,21.41
3034,9.91
3035,11.73
3036,17.84
3037,10.31
3040,22.15
3044,13.42
3045,10.47
3048,11.99
3049,16.44
3052,20.40
3054,14.05
3055,8.20
3056,23.19
3058,21.67
3062,17.26
3064,18.84
3065,15.52
3068,21.91
3074,10.98
3077,18.27
3080,13.22
3083,10.27
3084,15.16
3086,14.13
3087,14.17
3089,17.25
3092,19.17
3094,18.10
3097,24.54
3100,16.60
3101,9.71
3102,15.86
3105,13.15
3109,8.01
3110,6.09
3111,17.25
3113,15.61
3114,19.20
3116,22.62
3117,28.51
3118,19.64
3124,16.10
3126,16.77
3127,15.47
3132,14.49
3133,12.54
3134,10.82
3135,17.63
3136,12.32
3137,11.12
3138,22.69
3140,11.18
3142,12.19
3145,6.09
3150,17.68
3152,15.05
3153,13.04
3154,10.46
3155,27.67
3156,9.96
3157,8.02
3158,14.95
3160,24.72
3163,17.03
3164,21.49
3167,12.41
3170,11.65
3171,10.65
3172,10.88
3173,9.23
3174,12.76
3180,17.21
3182,12.13
3183,18.00
3184,14.29
3185,13.70
3186,11.41
3187,6.05
3188,7.14
3189,20.74
3191,11.63
3192,29.16
3194,17.30
3195,7.82
3196,16.73
3203,13.03
3205,11.42
3206,13.87
3207,14.68
3208,-3.02
3209,27.06
3210,12.19
3213,14.20
3214,10.84
3217,10.47
3221,19.58
3222,13.28
3223,22.55
3227,16.35
3228,13.20
3229,10.47
3231,8.69
3232,6.62
3234,11.93
3236,8.44
3237,9.87
3249,13.43
3250,8.33
3251,11.35
3255,22.21
3258,13.05
3260,11.71
3262,20.48
3265,14.40
3267,15.21
3271,7.05
3272,15.58
3274,18.44
3275,21.65
3277,21.02
3278,9.95
3283,20.42
3284,12.83
3292,11.82
3294,9.87
3298,20.10
3299,19.95
3300,13.55
3302,29.86
3303,17.57
3309,8.60
3311,5.23
3312,22.80
3313,29.28
3314,20.97
3327,19.83
3329,22.59
3331,6.75
3333,18.74
3334,17.77
3337,11.90
3338,26.33
3341,6.81
3343,12.18
3344,14.27
3346,29.68
3351,8.98
3352,19.49
3353,21.96
3354,14.29
3355,11.37
3356,17.03
3357,8.99
3360,9.90
3362,27.88
3363,21.08
3367,19.89
3373,20.81
3374,22.14
3375,8.27
3376,14.39
3377,12.42
3378,16.64
3380,14.07
3381,11.67
3384,27.07
3387,14.90
3388,11.71
3389,9.36
3392,16.34
3393,11.27
3394,32.49
3395,22.35
3396,13.47
3398,14.55
3399,11.73
3403,10.08
3404,10.59
3405,12.34
3406,18.48
3409,22.60
3410,9.68
3411,12.43
3413,18.71
3414,18.81
3417,16.64
3418,13.61
3420,9.90
3421,21.15
3424,11.95
3426,20.32
3427,22.76
3429,20.38
3430,11.03
3432,12.07
3436,13.38
3437,27.73
3438,12.72
3440,10.68
3441,15.20
3443,15.44
3445,8.08
3448,20.83
3452,18.19
3457,14.66
3458,20.13
3459,11.10
3462,8.56
3463,4.82
3464,13.70
3465,16.62
3471,13.63
3472,14.46
3473,22.20
3479,13.91
3482,15.08
3483,17.94
3484,14.46
3485,15.55
3487,10.56
3493,23.64
3494,13.92
3495,24.27
3496,12.38
3504,14.33
3508,13.15
3509,20.71
3514,16.32
3520,14.97
3521,29.26
3522,8.94
3525,14.18
3526,15.18
3528,14.51
3531,13.75
3533,14.88
3534,10.26
3539,22.47
3542,17.58
3551,8.51
3552,14.93
3553,22.36
3555,11.47
3558,11.84
3561,18.13
3563,8.29
3567,18.23
3569,10.40
3570,14.91
3572,27.20
3573,17.16
3574,8.96
3577,10.75
3578,21.09
3579,18.26
3580,21.33
3581,19.54
3583,19.43
3584,17.32
3587,10.12
3595,15.14
3596,9.52
3597,4.73
3599,12.19
3600,13.94
3601,8.45
3603,11.02
3606,19.28
3608,20.86
3609,16.88
3610,17.96
3611,9.22
3612,16.09
3613,19.39
3614,18.39
3615,15.91
3616,22.45
3617,13.97
3618,20.20
3619,20.57
3621,15.70
3622,15.90
3628,14.32
3631,17.31
3633,27.35
3636,7.66
3640,20.95
3641,20.31
3642,13.62
3644,27.64
3645,10.06
3646,19.35
3648,11.14
3649,11.14
3656,9.73
3659,17.40
3661,9.40
3662,11.63
3664,25.16
3665,23.58
3666,27.01
3668,14.11
3670,15.26
3675,11.57
3677,13.83
3678,11.05
3680,12.31
3681,14.35
3682,28.95
3683,24.96
3685,11.77
3689,12.37
3692,22.65
3693,30.24
3694,10.67
3696,14.37
3698,13.53
3699,13.79
3700,12.71
3703,10.16
3704,12.22
3708,6.23
3709,14.09
3710,14.82
3711,12.70
3712,25.13
3715,11.72
3716,14.33
3717,11.61
3718,5.72
3721,14.66
3722,10.52
3724,24.82
3726,11.91
3727,22.64
3728,20.03
3730,20.65
3731,9.62
3732,13.23
3737,24.66
3738,11.58
3742,15.05
3744,14.79
3747,5.97
3749,22.47
3751,26.03
3752,15.50
3753,16.90
3758,16.87
3759,11.81
3762,16.34
3764,13.11
3766,8.26
3768,6.95
3769,15.93
3771,18.36
3776,12.65
3778,15.02
3782,21.49
3783,14.83
3784,13.78
3785,22.53
3787,30.66
3788,16.43
3794,13.23
3795,5.53
3797,22.02
3798,10.62
3800,18.54
3807,12.00
3811,19.15
3814,10.25
3815,10.11
3816,17.19
3819,8.38
3821,21.06
3824,12.48
3825,26.38
3826,11.29
3828,20.50
3829,19.54
3832,23.61
3833,18.03
3837,13.29
3838,7.04
3839,19.12
3840,17.02
3841,27.90
3843,13.04
3844,10.08
3845,12.01
3846,31.57
3847,16.47
3848,18.20
3849,22.15
3850,9.64
3852,15.57
3857,16.17
3858,13.65
3860,12.38
3861,19.97
3862,10.81
3864,19.35
3867,11.52
3869,11.26
3871,13.50
3872,11.23
3875,13.84
3877,11.86
3881,10.63
3882,13.79
3883,24.75
3884,14.36
3886,14.58
3890,19.00
3893,11.09
3894,18.27
3895,14.93
3896,18.11
3898,18.45
3899,9.79
3902,26.26
3903,7.75
3905,18.11
3908,14.79
3909,15.85
3910,15.16
3911,14.85
3912,18.49
3915,5.42
3916,12.77
3918,9.07
3920,10.65
3921,22.13
3924,15.52
3926,21.65
3927,17.30
3928,15.85
3930,12.78
3931,22.34
3933,14.27
3938,10.82
3941,27.99
3943,9.42
3945,24.54
3948,13.50
3950,24.46
3951,10.54
3952,22.83
3954,11.97
3956,26.70
3958,15.18
3960,12.66
3961,18.89
3963,14.46
3964,9.31
3967,22.81
3969,15.46
3974,9.16
3975,22.93
3976,11.93
3977,20.46
3978,16.24
3979,15.16
3980,14.02
3982,12.20
3984,6.77
3988,16.75
3989,26.30
3990,20.82
3994,15.86
3995,14.00
3998,13.31
4002,10.34
4003,17.03
4004,18.10
4006,11.21
4007,21.85
4008,18.33
4009,14.99
4011,14.84
4015,19.98
4016,17.68
4018,26.06
4022,13.95
4025,9.57
4027,24.33
4028,25.10
4029,16.25
4030,21.00
4031,21.87
4035,23.57
4037,10.01
4038,26.93
4040,11.14
4041,13.57
4042,17.60
4044,24.28
4045,14.32
4047,14.09
4051,25.00
4055,18.34
4056,15.25
4057,12.39
4058,24.46
4059,9.75
4070,25.17
4074,28.10
4075,6.92
4077,17.35
4078,17.48
4082,20.29
4084,7.94
4085,28.18
4087,6.12
4090,24.75
4092,18.25
4093,10.93
4096,9.38
4099,26.29
4100,8.47
4102,14.41
4103,22.93
4104,17.86
4106,27.62
4107,14.64
4111,12.48
4112,15.22
4114,12.18
4115,16.38
4121,8.15
4123,14.09
4124,10.52
4126,15.56
4127,10.29
4128,12.31
4130,18.05
4133,9.63
4135,4.75
4136,21.94
4137,20.48
4139,14.05
4140,24.88
4144,6.54
4145,18.62
4146,23.50
4149,13.80
4150,18.39
4153,21.84
4154,25.05
4155,30.91
4156,20.52
4157,14.01
4162,14.70
4163,15.51
4164,14.83
4165,12.31
4166,7.32
4167,9.27
4169,12.80
4172,21.17
4173,19.91
4174,15.54
4175,18.70
4176,4.05
4178,21.84
4179,21.44
4181,10.68
4184,17.73
4186,12.97
4187,8.55
4190,20.24
4192,15.71
4195,10.87
4204,16.21
4206,13.57
4207,19.27
4208,8.99
4212,12.12
4213,25.15
4216,12.70
4219,9.14
4222,12.81
4223,14.49
4224,14.89
4225,9.90
4226,12.52
4228,8.56
4229,20.87
4232,12.35
4233,10.85
4238,14.04
4239,23.98
4240,7.26
4241,12.10
4243,24.14
4244,17.71
4245,16.71
4246,10.65
4247,9.08
4248,13.00
4252,15.57
4254,16.15
4255,10.79
4258,21.34
4262,15.95
4263,18.54
4265,9.92
4272,21.26
4274,17.20
4275,9.98
4276,21.08
4277,10.22
4278,27.58
4281,16.23
4282,13.92
4285,13.46
4286,17.74
4292,19.43
4293,7.31
4296,9.75
4297,15.20
4298,12.33
4302,25.32
4304,9.37
4305,10.09
4306,20.30
4309,12.22
4310,24.70
4311,11.85
4312,16.16
4314,16.51
4315,22.59
4318,13.14
4324,9.31
4325,13.53
4327,17.54
4328,27.85
4329,9.17
4333,13.68
4336,9.32
4337,4.12
4340,17.48
4341,15.37
4346,10.57
4347,13.47
4348,13.25
4350,14.34
4352,15.88
4354,20.90
4358,11.27
4360,12.57
4362,16.30
4363,13.65
4367,18.65
4371,26.44
4372,17.87
4373,14.95
4374,21.65
4376,24.78
4377,13.41
4381,21.01
4382,11.57
4385,13.93
4386,14.59
4389,17.20
4390,11.04
4391,8.12
4392,11.42
4394,21.78
4395,17.17
4398,26.20
4400,11.22
4406,26.08
4408,24.43
4409,10.47
4410,10.75
4413,15.76
4414,8.26
4417,7.31
4418,11.15
4420,20.22
4422,21.06
4424,19.98
4425,23.70
4427,24.89
4430,16.01
4433,15.06
4435,9.75
4436,28.16
4438,18.34
4439,3.77
4442,21.05
4447,16.88
4450,15.05
4454,14.29
4461,18.14
4462,10.75
4463,15.56
4464,20.25
4465,11.06
4467,9.88
4469,14.69
4471,15.46
4472,22.49
4474,16.30
4475,12.91
4477,30.48
4479,9.72
4482,11.72
4483,8.46
4486,23.15
4487,9.51
4488,21.44
4492,7.41
4495,16.21
4496,13.93
4498,6.04
4499,16.49
4500,17.76
4501,22.10
4507,27.89
4509,15.22
4512,20.71
4513,17.93
4514,15.57
4515,25.35
4517,22.39
4521,12.18
4522,22.78
4524,17.77
4526,11.02
4528,21.81
4530,22.01
4532,13.59
4536,24.22
4538,25.73
4541,30.31
4542,11.50
4543,0.15
4546,11.60
4547,12.38
4549,7.79
4550,16.83
4552,27.29
4553,20.60
4556,13.03
4558,9.28
4560,22.27
4563,13.98
4565,23.56
4567,10.32
4568,23.62
4575,13.31
4577,17.46
4581,30.22
4582,21.89
4584,12.58
4585,15.14
4586,11.29
4591,28.83
4594,15.91
4600,16.17
4602,15.73
4603,12.95
4605,19.08
4606,20.73
4607,11.83
4612,29.97
4616,10.60
4618,13.23
4621,22.16
4622,11.90
4625,9.86
4627,18.27
4630,11.86
4632,13.45
4634,12.85
4635,15.04
4637,12.96
4641,8.09
4643,13.34
4644,17.10
4649,15.73
4650,9.86
4653,17.24
4657,14.16
4659,25.35
4661,11.33
4664,15.67
4667,19.23
4669,11.94
4671,15.79
4676,7.31
4677,21.75
4686,15.44
4688,9.16
4690,16.49
4691,16.94
4697,25.15
4698,10.28
4702,14.16
4704,17.35
4705,12.90
4707,12.24
4709,20.14
4711,13.77
4713,10.47
4719,14.53
4721,24.65
4722,26.99
4727,13.78
4728,12.31
4732,4.39
4733,11.27
4734,19.75
4738,10.42
4739,18.20
4740,15.18
4746,8.56
4748,20.08
4751,16.81
4752,15.82
4754,14.07
4755,11.60
4760,23.49
4761,15.53
4766,12.02
4767,10.59
4768,21.11
4769,19.12
4770,22.38
4772,20.04
4775,16.90
4776,22.88
4779,13.35
4780,20.04
4781,16.07
4782,8.42
4783,24.78
4784,7.61
4785,16.30
4790,23.57
4791,16.36
4796,12.88
4798,10.12
4800,19.07
4801,28.83
4803,15.99
4806,11.11
4809,19.27
4810,12.68
4812,16.64
4818,9.42
4820,10.40
4821,8.34
4824,17.46
4825,25.52
4830,18.64
4831,8.46
4832,16.29
4836,14.78
4839,13.59
4841,22.26
4842,7.46
4843,24.13
4844,21.78
4848,20.74
4849,14.55
4851,22.84
4854,5.78
4856,8.26
4857,15.24
4859,16.58
4862,11.87
4865,10.08
4866,23.12
4868,14.18
4871,10.19
4873,18.63
4874,29.75
4875,26.71
4876,23.54
4877,24.03
4879,29.11
4880,13.31
4882,22.68
4883,14.45
4884,18.47
4886,15.86
4887,19.73
4890,8.17
4891,14.37
4892,14.54
4893,11.32
4894,19.16
4896,27.17
4897,21.95
4899,22.26
4900,9.96
4903,22.74
4907,9.02
4908,24.31
4909,4.20
4910,15.35
4912,16.48
4913,10.72
4914,26.03
4920,9.56
4921,13.64
4922,10.23
4923,15.92
4925,10.55
4930,17.22
4931,16.07
4932,22.77
4934,10.96
4936,26.77
4938,12.97
4939,16.60
4941,20.64
4943,9.83
4945,13.24
4946,26.61
4947,16.67
4953,17.56
4956,8.91
4957,13.70
4958,27.75
4961,24.89
4963,12.07
4964,18.65
4968,25.12
4969,11.08
4972,11.53
4973,16.23
4974,20.52
4975,28.02
4976,17.52
4980,17.45
4983,11.23
4989,6.75
4991,19.47
4993,20.54
4996,28.32
4998,10.75
4999,26.36
5000,9.17
5001,12.21
5003,24.75
5004,23.16
5010,18.15
5012,20.81
5014,15.08
5015,13.52
5017,12.91
5018,26.66
5019,16.23
5020,16.28
5023,10.46
5024,10.89
5028,10.99
5029,21.90
5030,11.62
5033,9.74
5034,20.42
5035,17.21
5038,11.50
5040,11.17
5041,12.43
5043,10.77
5045,10.71
5048,24.36
5049,11.39
5052,12.34
5053,9.37
5054,10.17
5060,10.45
5064,23.45
5066,21.50
5070,12.63
5071,14.63
5073,19.40
5077,12.65
5081,19.44
5084,10.63
5086,16.20
5087,23.38
5088,16.11
5091,15.96
5094,13.11
5095,14.84
5098,17.57
5099,12.95
5101,23.58
5102,14.28
5103,10.86
5105,10.53
5110,12.67
5113,16.14
5115,15.99
5117,14.68
5119,13.64
5122,10.75
5123,21.80
5124,7.32
5131,19.16
5133,23.87
5136,12.72
5138,13.50
5141,10.68
5142,22.75
5143,13.83
5144,17.24
5151,11.20
5152,12.73
5153,14.69
5155,7.57
5156,16.41
5161,13.50
5162,7.72
5163,9.36
5165,20.31
5170,12.96
5172,8.44
5174,19.45
5175,12.49
5176,7.13
5177,10.11
5178,8.89
5179,26.64
5180,23.04
5186,22.83
5187,14.32
5188,12.91
5196,20.64
5198,10.85
5199,9.44
5201,15.03
5204,11.74
5206,15.06
5207,18.41
5209,15.06
5210,17.71
5212,25.63
5213,10.46
5214,7.80
5215,15.11
5216,14.13
5217,11.06
5220,21.80
5221,19.21
5225,13.05
5226,20.97
5232,16.53
5233,16.68
5234,12.58
5235,11.24
5236,8.28
5240,18.84
5242,22.50
5249,13.84
5250,21.18
5252,23.87
5254,10.38
5259,11.73
5263,6.38
5264,16.04
5265,27.06
5267,22.27
5268,10.71
5269,13.11
5271,14.54
5272,14.67
5273,12.84
5274,25.81
5275,15.31
5276,14.61
5278,15.73
5280,21.35
5284,14.90
5286,13.37
5287,13.43
5294,13.32
5297,19.45
5300,14.59
5302,16.68
5303,14.72
5304,12.82
5307,12.88
5308,14.80
5310,17.71
5312,8.57
5315,16.15
5316,25.42
5318,17.50
5319,21.47
5322,13.11
5323,9.43
5325,9.42
5326,11.73
5327,18.87
5331,17.39
5337,18.20
5339,18.84
5340,11.74
5342,22.52
5345,17.81
5349,18.48
5350,17.44
5351,25.65
5352,23.47
5357,20.39
5359,17.96
5360,19.22
5361,19.92
5362,26.55
5363,11.94
5364,29.41
5365,13.88
5366,10.99
5367,8.16
5368,13.03
5369,22.63
5370,16.99
5371,20.06
5372,16.48
5374,18.42
5375,12.37
5376,7.58
5377,16.06
5378,19.22
5380,11.56
5387,21.00
5388,19.49
5389,19.44
5390,12.84
5391,26.87
5392,21.07
5395,26.75
5396,12.06
5398,15.16
5399,18.22
5405,18.91
5406,21.21
5407,22.43
5408,14.88
5410,12.68
5412,20.94
5425,12.35
5429,15.89
5430,10.21
5431,26.33
5432,11.89
5433,21.48
5434,9.95
5435,13.92
5437,22.57
5440,28.88
5441,15.00
5442,24.46
5449,19.80
5450,19.72
5453,17.22
5454,11.33
5456,21.60
5458,16.49
5460,16.63
5462,3.03
5463,18.06
5465,13.98
5466,12.45
5470,13.40
5472,16.49
5473,24.65
5474,11.27
5480,17.12
5482,12.99
5484,14.82
5488,8.62
5489,21.01
5490,19.06
5494,11.55
5495,31.76
5496,16.25
5497,11.59
5498,14.97
5499,27.61
5500,11.79
5502,15.47
5504,15.44
5506,19.31
5507,16.01
5508,14.34
5509,21.94
5513,8.80
5516,13.70
5517,30.04
5518,8.11
5523,18.98
5526,15.12
5527,8.54
5530,22.93
5531,17.68
5532,22.85
5533,18.72
5534,12.96
5538,18.32
5539,15.78
5540,11.42
5543,8.21
5544,11.50
5546,13.92
5549,8.43
5550,11.89
5551,16.46
5555,11.06
5556,22.99
5558,20.54
5560,22.26
5562,23.14
5563,25.00
5564,6.69
5565,26.24
5566,14.58
5567,15.63
5568,13.34
5569,25.32
5570,24.78
5571,18.55
5572,16.12
5574,14.57
5575,16.75
5581,13.17
5582,8.78
5584,14.39
5585,19.08
5587,13.08
5588,24.77
5590,29.54
5593,12.22
5594,25.39
5595,9.31
5599,16.34
5600,21.59
5603,6.48
5605,14.90
5606,21.50
5607,10.52
5609,15.95
5610,22.38
5612,10.28
5615,21.07
5617,13.09
5618,15.77
5619,33.44
5622,20.78
5623,14.15
5626,12.06
5627,11.59
5628,12.68
5629,21.60
5630,25.82
5631,18.81
5633,20.81
5636,24.79
5638,20.28
5639,18.40
5644,13.82
5645,7.77
5647,18.65
5650,23.84
5653,14.06
5654,20.41
5655,16.61
5660,20.88
5665,11.24
5668,18.17
5671,16.15
5672,23.56
5673,15.67
5677,22.49
5678,21.97
5680,14.02
5681,17.89
5690,15.14
5691,20.42
5693,18.49
5695,22.36
5698,9.30
5699,14.41
5700,13.74
5701,17.78
5702,15.71
5708,29.77
5712,8.03
5713,22.62
5716,21.08
5717,23.78
5720,17.29
5721,15.73
5722,10.69
5724,29.11
5726,14.13
5729,24.64
5731,9.11
5732,28.86
5739,13.60
5740,13.63
5742,13.42
5745,15.24
5746,11.93
5751,14.00
5752,13.68
5756,18.45
5757,16.71
5758,10.54
5761,16.81
5762,18.90
5763,21.85
5764,13.96
5768,20.93
5770,11.81
5774,10.29
5776,23.10
5778,11.51
5779,17.27
5782,17.70
5784,17.98
5788,15.67
5791,11.87
5792,13.87
5793,22.74
5795,11.78
5796,15.45
5797,8.58
5798,11.06
5799,8.46
5802,14.93
5804,7.43
5807,18.82
5812,28.70
5813,3.14
5815,16.90
5819,18.92
5820,11.04
5822,8.46
5823,19.17
5824,19.51
5828,15.96
5830,11.92
5832,18.12
5834,9.84
5836,13.28
5837,13.40
5838,13.37
5839,19.90
5840,12.83
5848,21.94
5850,25.53
5851,15.85
5854,18.70
5857,6.80
5858,18.22
5859,13.46
5862,9.55
5863,21.99
5865,8.43
5873,15.43
5875,31.74
5877,15.65
5878,18.22
5882,24.35
5884,28.83
5886,11.71
5887,14.83
5890,15.41
5896,27.11
5900,14.83
5901,15.47
5903,25.29
5904,18.13
5906,12.74
5909,18.11
5910,16.25
5911,18.51
5912,22.45
5914,32.94
5916,20.02
5917,11.17
5918,11.11
5920,8.02
5922,24.82
5926,9.63
5927,15.96
5928,18.78
5929,10.05
5930,18.26
5931,15.42
5933,16.90
5934,16.75
5935,22.79
5936,15.66
5940,25.30
5942,8.02
5944,8.67
5945,18.17
5947,10.48
5948,23.81
5950,10.90
5951,12.06
5952,26.52
5953,8.65
5955,8.65
5956,10.96
5957,14.76
5960,18.00
5962,21.85
5972,26.96
5974,21.98
5975,9.51
5976,7.59
5982,19.16
5984,18.22
5985,26.44
5987,15.78
5989,16.10
5990,12.93
5991,11.58
5994,11.94
5996,20.85
5997,11.31
6000,20.46
6002,12.15
6004,18.90
6006,19.29
6007,15.22
6009,13.40
6010,11.90
6014,21.82
6015,18.24
6016,17.67
6019,9.93
6020,23.94
6021,24.47
6022,14.07
6023,12.03
6025,13.35
6027,22.20
6029,15.40
6030,20.69
6034,13.84
6035,13.95
6036,9.67
6040,21.81
6044,25.02
6045,7.98
6047,6.69
6049,14.64
6051,16.47
6054,16.46
6055,12.62
6061,19.78
6062,14.39
6063,20.43
6065,15.93
6068,22.96
6070,19.54
6071,19.78
6072,25.32
6074,16.59
6081,8.56
6082,12.66
6083,18.56
6084,17.23
6087,18.74
6088,12.31
6090,17.22
6091,14.66
6093,11.33
6095,14.48
6103,21.13
6104,10.56
6105,30.77
6106,9.78
6107,9.77
6109,10.43
6110,23.87
6111,16.00
6113,26.30
6114,21.30
6115,21.74
6119,16.98
6120,21.28
6123,12.91
6125,33.60
6128,27.45
6131,12.65
6135,11.55
6136,13.97
6137,11.23
6142,21.60
6144,15.48
6145,15.95
6151,15.26
6154,18.53
6155,16.22
6156,16.34
6157,9.47
6158,9.03
6159,13.86
6161,15.34
6163,13.07
6166,12.81
6168,12.92
6169,16.95
6170,12.75
6172,12.96
6173,15.40
6174,15.13
6175,11.85
6176,8.84
6181,16.62
6182,19.61
6184,9.55
6185,9.39
6186,21.86
6187,32.14
6188,25.16
6189,10.67
6192,5.39
6193,14.45
6195,9.37
6203,13.12
6205,17.88
6207,9.65
6210,44.10
6212,19.75
6213,20.91
6214,11.70
6216,27.83
6217,16.79
6219,16.83
6220,13.84
6227,15.52
6229,18.72
6231,18.87
6232,20.78
6233,21.90
6234,11.35
6237,16.60
6238,13.07
6239,14.97
6241,15.02
6242,6.97
6248,20.93
6249,23.25
6255,5.65
6258,8.32
6262,15.34
6263,11.06
6266,9.61
6271,20.10
6272,19.88
6274,22.00
